{
    "settings": {
        "options": {
            "show_on_front": "posts",
            "stylesheet": "premium\/vision",
            "featured-content": {
                "tag-id": 35890,
                "tag-name": "featured",
                "hide-tag": 1
            }
        },
        "theme_mods": {
            "0": false,
            "header_textcolor": "ffffff",
            "background_color": "1a1a1a",
            "background_image": "",
            "background_repeat": "repeat",
            "background_position_x": "left",
            "background_attachment": "fixed",
            "nav_menu_locations": {
                "top_menu": "primary",
                "social": "social-media"
            },
            "colors_manager": {
                "colors": {
                    "bg": "#1a1a1a"
                },
                "cached": ".menu li ul li a.sf-with-ul:after{border-left-color:#fff}.menu li li a:hover{color:#fff}form input[type=submit],form input[type=submit]:hover{background-image:none}.masthead-wrapper .masthead .branding h1.logo a,.masthead-wrapper .masthead .branding h2.description,.menu li a:hover{color:#fff}.menu li a,.menu li a.sf-with-ul:after,#footer a{color:#b3b3b3}.menu li a.sf-with-ul:after{border-top-color:#b3b3b3}#footer{color:gray}.archive-pagination a{color:#8c8c8c}body{background-color:#1a1a1a}"
            },
            "jetpack_testimonials": {
                "page-title": "Testimonials",
                "page-content": "<p>This testimonial text can be edited through the theme customizer. Use the text to describe your services, and let the testimonials sing your praises! <img src=\"http:\/\/s0.wp.com\/wp-includes\/images\/smilies\/icon_smile.gif\" alt=\":)\" class=\"wp-smiley\" \/> <\/p>\n",
                "featured-image": 853
            },
            "header_image": "http:\/\/visiondemo.files.wordpress.com\/2014\/02\/cropped-vision-header1.png",
            "header_image_data": {
                "attachment_id": 857,
                "url": "http:\/\/visiondemo.files.wordpress.com\/2014\/02\/cropped-vision-header1.png",
                "thumbnail_url": "http:\/\/visiondemo.files.wordpress.com\/2014\/02\/cropped-vision-header1.png",
                "width": 1300,
                "height": 400
            },
            "vision_header_height": 1,
            "vision_header_text_1": "Beautiful Photography",
            "vision_header_text_2": "Images from my Travels",
            "vision_header_text_3": "A Portfolio of my Art",
            "vision_header_text_4": ""
        },
        "headstart": {
            "mapped_id_options": [],
            "mapped_id_theme_mods": [],
            "keep_submenu_items": true
        }
    },
    "widgets": [
        {
            "id": "search-2",
            "id_base": "search",
            "settings": {
                "title": "Search"
            },
            "sidebar": "sidebar-1",
            "position": 0
        },
        {
            "id": "text-2",
            "id_base": "text",
            "settings": {
                "title": "Text Widget",
                "text": "This is a text widget, which allows you to add text or HTML to your sidebar. You can use them to display text, links, images, HTML, or a combination of these. Edit them in the Widget section of the <a href=\"https:\/\/wordpress.com\/customize\/\">Customizer<\/a>."
            },
            "sidebar": "sidebar-1",
            "position": 1
        },
        {
            "id": "text-3",
            "id_base": "text",
            "settings": {
                "title": "Text Widget",
                "text": "This is a text widget, which allows you to add text or HTML to your sidebar. You can use them to display text, links, images, HTML, or a combination of these. Edit them in the Widget section of the <a href=\"https:\/\/wordpress.com\/customize\/\">Customizer<\/a>."
            },
            "sidebar": "sidebar-2",
            "position": 1
        },
        {
            "id": "search-2",
            "id_base": "search",
            "settings": {
                "title": "Search"
            },
            "sidebar": "sidebar-2",
            "position": 0
        },
        {
            "id": "archives-3",
            "id_base": "archives",
            "settings": {
                "title": "Archives",
                "count": 0,
                "dropdown": 0
            },
            "sidebar": "sidebar-2",
            "position": 2
        },
        {
            "id": "recent-posts-3",
            "id_base": "recent-posts",
            "settings": {
                "title": "Recent Posts",
                "number": 8,
                "show_date": true
            },
            "sidebar": "sidebar-2",
            "position": 0
        }
    ],
    "content": [
        {
            "post_title": "About",
            "post_content": "This is an example of an about page. Unlike posts, pages are better suited for more timeless content that you want to be easily accessible, like your About or Contact information. Click the Edit link to make changes to this page or <a href=\"https:\/\/wordpress.com\/page\">add another page<\/a>.",
            "post_excerpt": "This is just a short excerpt for the about&nbsp;page.",
            "post_status": "publish",
            "menu_order": 2,
            "comment_status": "closed",
            "ping_status": "closed",
            "post_type": "page",
            "hs_custom_meta": "_hs_about_page",
            "hs_sharing": 1,
            "hs_like_status": 1,
            "attachment_url": "https:\/\/headstartdata.files.wordpress.com\/2016\/06\/stairs-lights-abstract-bubbles1.jpg",
            "hs_old_id": 100
        },
        {
            "post_title": "Contact",
            "post_content": "This is a contact page with some basic contact information and a contact form. [contact-form][contact-field label=\"Name\" type=\"name\" required=\"1\"\/][contact-field label=\"Email\" type=\"email\" required=\"1\"\/][contact-field label=\"Website\" type=\"url\"\/][contact-field label=\"Comment\" type=\"textarea\" required=\"1\"\/][\/contact-form]",
            "post_excerpt": "This is just a short excerpt for the contact&nbsp;page.",
            "post_status": "publish",
            "menu_order": 3,
            "comment_status": "closed",
            "ping_status": "closed",
            "post_type": "page",
            "hs_custom_meta": "_hs_contact_page",
            "hs_sharing": 1,
            "hs_like_status": 1,
            "attachment_url": "https:\/\/headstartdata.files.wordpress.com\/2016\/06\/person-smartphone-office-table.jpeg",
            "hs_old_id": 101
        },
        {
            "post_title": "First blog post",
            "post_content": "This is your very first post. Click the Edit link to modify or delete it, or <a href=\"https:\/\/wordpress.com\/post\">start a new post<\/a>. If you like, use this post to tell readers why you started this blog and what you plan to do with it.",
            "post_excerpt": "This is the excerpt for your very first post.",
            "post_status": "publish",
            "comment_status": "open",
            "ping_status": "open",
            "post_type": "post",
            "hs_custom_meta": "_hs_first_post",
            "hs_sharing": 1,
            "hs_like_status": 1,
            "attachment_url": "https:\/\/headstartdata.files.wordpress.com\/2016\/06\/pexels-photo-30732.jpg",
            "hs_old_id": 102
        },
        {
            "post_title": "Featured Content",
            "post_content": "This is a featured content post. Click the Edit link to modify or delete it, or <a href=\"https:\/\/wordpress.com\/post\">start a new post<\/a>.",
            "post_excerpt": "This is the excerpt for a featured post.",
            "post_status": "publish",
            "comment_status": "open",
            "ping_status": "open",
            "post_type": "post",
            "hs_custom_meta": "_hs_featured_content",
            "hs_sharing": 1,
            "hs_like_status": 1,
            "tags_input": [
                "featured"
            ],
            "attachment_url": "https:\/\/headstartdata.files.wordpress.com\/2016\/08\/hwijjf7rwopgej1nb4zb_img_3773.jpg",
            "hs_old_id": 105
        },
        {
            "post_title": "Featured Content",
            "post_content": "This is a featured content post. Click the Edit link to modify or delete it, or <a href=\"https:\/\/wordpress.com\/post\">start a new post<\/a>.",
            "post_excerpt": "This is the excerpt for a featured post.",
            "post_status": "publish",
            "comment_status": "open",
            "ping_status": "open",
            "post_type": "post",
            "hs_custom_meta": "_hs_featured_content",
            "hs_sharing": 1,
            "hs_like_status": 1,
            "tags_input": [
                "featured"
            ],
            "attachment_url": "https:\/\/headstartdata.files.wordpress.com\/2016\/06\/drink-coffee2.jpg",
            "hs_old_id": 106
        }
    ],
    "menus": {
        "social-media": {
            "name": "Social Media",
            "items": [
                {
                    "menu-item-title": "Facebook",
                    "menu-item-db-id": 175,
                    "menu-item-object-id": "175",
                    "menu-item-object": "custom",
                    "menu-item-type": "custom",
                    "menu-item-status": "publish",
                    "menu-item-position": 0,
                    "menu-item-parent-id": "0",
                    "menu-item-description": "",
                    "menu-item-url": "http:\/\/www.facebook.com"
                },
                {
                    "menu-item-title": "LinkedIn",
                    "menu-item-db-id": 176,
                    "menu-item-object-id": "176",
                    "menu-item-object": "custom",
                    "menu-item-type": "custom",
                    "menu-item-status": "publish",
                    "menu-item-position": 1,
                    "menu-item-parent-id": "0",
                    "menu-item-description": "",
                    "menu-item-url": "http:\/\/www.linkedin.com"
                },
                {
                    "menu-item-title": "Twitter",
                    "menu-item-db-id": 177,
                    "menu-item-object-id": "177",
                    "menu-item-object": "custom",
                    "menu-item-type": "custom",
                    "menu-item-status": "publish",
                    "menu-item-position": 2,
                    "menu-item-parent-id": "0",
                    "menu-item-description": "",
                    "menu-item-url": "http:\/\/www.twitter.com"
                },
                {
                    "menu-item-title": "Instagram",
                    "menu-item-db-id": 178,
                    "menu-item-object-id": "178",
                    "menu-item-object": "custom",
                    "menu-item-type": "custom",
                    "menu-item-status": "publish",
                    "menu-item-position": 3,
                    "menu-item-parent-id": "0",
                    "menu-item-description": "",
                    "menu-item-url": "http:\/\/www.instagram.com"
                }
            ]
        }
    }
}
