{
    "settings": {
        "options": {
            "show_on_front": "posts",
            "stylesheet": "premium\/bexley",
            "featured-content": false
        },
        "theme_mods": {
            "0": false,
            "background_image": "",
            "background_repeat": "repeat",
            "background_position_x": "left",
            "background_attachment": "fixed",
            "nav_menu_locations": {
                "primary": "primary",
                "social": "social-media"
            },
            "header_textcolor": "333333",
            "bexley_use_image_size": "",
            "bexley_title_alignment": 0,
            "colors_manager": {
                "colors": {
                    "bg": "#f2f2f2"
                }
            },
            "bexley_display_image": ""
        },
        "headstart": {
            "mapped_id_options": [],
            "mapped_id_theme_mods": [],
            "keep_submenu_items": true
        }
    },
    "widgets": [
        {
            "id": "search-2",
            "id_base": "search",
            "settings": {
                "title": "Search"
            },
            "sidebar": "sidebar-2",
            "position": 0
        },
        {
            "id": "text-2",
            "id_base": "text",
            "settings": {
                "title": "Text Widget",
                "text": "This is a text widget, which allows you to add text or HTML to your sidebar. You can use them to display text, links, images, HTML, or a combination of these. Edit them in the Widget section of the <a href=\"https:\/\/wordpress.com\/customize\/\">Customizer<\/a>."
            },
            "sidebar": "sidebar-2",
            "position": 1
        },
        {
            "id": "recent-posts-3",
            "id_base": "recent-posts",
            "settings": {
                "title": "Recent Posts",
                "number": 8,
                "show_date": true
            },
            "sidebar": "sidebar-2",
            "position": 2
        },
        {
            "id": "archives-3",
            "id_base": "archives",
            "settings": {
                "title": "Archives",
                "count": 0,
                "dropdown": 0
            },
            "sidebar": "sidebar-2",
            "position": 3
        }
    ],
    "content": [
        {
            "post_title": "About",
            "post_content": "This is an example of an about page. Unlike posts, pages are better suited for more timeless content that you want to be easily accessible, like your About or Contact information. Click the Edit link to make changes to this page or <a href=\"https:\/\/wordpress.com\/page\">add another page<\/a>.",
            "post_excerpt": "This is just a short excerpt for the about&nbsp;page.",
            "post_status": "publish",
            "menu_order": 2,
            "comment_status": "closed",
            "ping_status": "closed",
            "post_type": "page",
            "hs_custom_meta": "_hs_about_page",
            "hs_sharing": 1,
            "hs_like_status": 1,
            "attachment_url": "https:\/\/headstartdata.files.wordpress.com\/2016\/06\/stairs-lights-abstract-bubbles1.jpg",
            "hs_old_id": 100
        },
        {
            "post_title": "Contact",
            "post_content": "This is a contact page with some basic contact information and a contact form. [contact-form][contact-field label=\"Name\" type=\"name\" required=\"1\"\/][contact-field label=\"Email\" type=\"email\" required=\"1\"\/][contact-field label=\"Website\" type=\"url\"\/][contact-field label=\"Comment\" type=\"textarea\" required=\"1\"\/][\/contact-form]",
            "post_excerpt": "This is just a short excerpt for the contact&nbsp;page.",
            "post_status": "publish",
            "menu_order": 3,
            "comment_status": "closed",
            "ping_status": "closed",
            "post_type": "page",
            "hs_custom_meta": "_hs_contact_page",
            "hs_sharing": 1,
            "hs_like_status": 1,
            "attachment_url": "https:\/\/headstartdata.files.wordpress.com\/2016\/06\/person-smartphone-office-table.jpeg",
            "hs_old_id": 101
        },
        {
            "post_title": "First blog post",
            "post_content": "This is your very first post. Click the Edit link to modify or delete it, or <a href=\"https:\/\/wordpress.com\/post\">start a new post<\/a>. If you like, use this post to tell readers why you started this blog and what you plan to do with it.",
            "post_excerpt": "This is the excerpt for your very first post.",
            "post_status": "publish",
            "comment_status": "open",
            "ping_status": "open",
            "post_type": "post",
            "hs_custom_meta": "_hs_first_post",
            "hs_sharing": 1,
            "hs_like_status": 1,
            "attachment_url": "https:\/\/headstartdata.files.wordpress.com\/2016\/06\/pexels-photo-30732.jpg",
            "hs_old_id": 102
        },
        {
            "post_title": "Blog post title",
            "post_content": "This is a placeholder post. Click the Edit link to modify or delete it, or <a href=\"https:\/\/wordpress.com\/post\">start a new post<\/a>. If you like, use this post to tell readers why you started this blog and what you plan to do with it. ",
            "post_excerpt": "This is the excerpt for a placeholder post. Click the Edit link to modify or delete it, or <a href=\"https:\/\/wordpress.com\/post\">start a new post<\/a>.",
            "post_status": "publish",
            "comment_status": "open",
            "ping_status": "open",
            "post_type": "post",
            "hs_custom_meta": "_hs_first_post",
            "hs_sharing": 1,
            "hs_like_status": 0,
            "hs_old_id": 102,
            "attachment_url": "https:\/\/dyaddemo.files.wordpress.com\/2016\/06\/photo-1446645681877-acde17e336a9.jpeg"
        },
        {
            "post_title": "Blog post title",
            "post_content": "This is an additional placeholder post. Click the Edit link to modify or delete it, or <a href=\"https:\/\/wordpress.com\/post\">start a new post<\/a>. If you like, use this post to tell readers why you started this blog and what you plan to do with it.",
            "post_excerpt": "This is the excerpt for a placeholder post. Click the Edit link to modify or delete it, or <a href=\"https:\/\/wordpress.com\/post\">start a new post<\/a>.",
            "post_status": "publish",
            "comment_status": "open",
            "ping_status": "open",
            "post_type": "post",
            "hs_custom_meta": "_hs_generic_post",
            "hs_sharing": 1,
            "hs_like_status": 0,
            "attachment_url": "https://headstartdata.files.wordpress.com/2016/06/flower-256776_1280.jpg"
        },
        {
            "post_title": "Blog post title",
            "post_content": "This is an additional placeholder post. Click the Edit link to modify or delete it, or <a href=\"https:\/\/wordpress.com\/post\">start a new post<\/a>. If you like, use this post to tell readers why you started this blog and what you plan to do with it.",
            "post_excerpt": "This is the excerpt for a placeholder post. Click the Edit link to modify or delete it, or <a href=\"https:\/\/wordpress.com\/post\">start a new post<\/a>.",
            "post_status": "publish",
            "comment_status": "open",
            "ping_status": "open",
            "post_type": "post",
            "hs_custom_meta": "_hs_generic_post",
            "hs_sharing": 1,
            "hs_like_status": 0,
            "attachment_url": ""
        }
    ],
    "menus": {
        "social-media": {
            "name": "Social Media",
            "items": [
                {
                    "menu-item-title": "Facebook",
                    "menu-item-db-id": 175,
                    "menu-item-object-id": "175",
                    "menu-item-object": "custom",
                    "menu-item-type": "custom",
                    "menu-item-status": "publish",
                    "menu-item-position": 0,
                    "menu-item-parent-id": "0",
                    "menu-item-description": "",
                    "menu-item-url": "http:\/\/www.facebook.com"
                },
                {
                    "menu-item-title": "LinkedIn",
                    "menu-item-db-id": 176,
                    "menu-item-object-id": "176",
                    "menu-item-object": "custom",
                    "menu-item-type": "custom",
                    "menu-item-status": "publish",
                    "menu-item-position": 1,
                    "menu-item-parent-id": "0",
                    "menu-item-description": "",
                    "menu-item-url": "http:\/\/www.linkedin.com"
                },
                {
                    "menu-item-title": "Twitter",
                    "menu-item-db-id": 177,
                    "menu-item-object-id": "177",
                    "menu-item-object": "custom",
                    "menu-item-type": "custom",
                    "menu-item-status": "publish",
                    "menu-item-position": 2,
                    "menu-item-parent-id": "0",
                    "menu-item-description": "",
                    "menu-item-url": "http:\/\/www.twitter.com"
                },
                {
                    "menu-item-title": "Instagram",
                    "menu-item-db-id": 178,
                    "menu-item-object-id": "178",
                    "menu-item-object": "custom",
                    "menu-item-type": "custom",
                    "menu-item-status": "publish",
                    "menu-item-position": 3,
                    "menu-item-parent-id": "0",
                    "menu-item-description": "",
                    "menu-item-url": "http:\/\/www.instagram.com"
                }
            ]
        }
    }
}
