{
    "settings": {
        "options": {
            "show_on_front": "page",
            "stylesheet": "premium\/exhibit",
            "featured-content": false
        },
        "theme_mods": {
            "0": false,
            "nav_menu_locations": {
                "top_menu": "primary",
                "social_menu": "social-media"
            },
            "colors_manager": {
                "colors": {
                    "bg": "#515151",
                    "undefined": "Colors",
                    "txt": "#FFFFFF",
                    "link": "#00B4FF",
                    "fg1": "#EEEEEE",
                    "fg2": "#E2F7CE"
                }
            },
            "jetpack_testimonials": {
                "page-title": "Testimonials",
                "page-content": "<p>This is a testimonial archive page. You can customize this text in <a href=\"http:\/\/en.support.wordpress.com\/customizer\/\">the Customizer<\/a>.<\/p>\n<p>Testimonials page can be added to <a href=\"http:\/\/en.support.wordpress.com\/menus\/\u201c title=\u201cCustom Menu\">Custom Menu<\/a> using the <a href=\u201chttp:\/\/en.support.wordpress.com\/menus\/#adding-custom-links\u201d title=\u201cLinks Panel\">Links Panel<\/a>.<\/p>\n<p>The testimonial archive page can be found at http:\/\/yourgroovysite.wordpress.com\/testimonial\/ \u2014 just replace http:\/\/yourgroovysite.wordpress.com\/ with the URL of your website.<\/p>\n",
                "featured-image": 221
            },
            "custom-colors-parity": {
                "background_color": "515151"
            }
        },
        "headstart": {
            "mapped_id_options": [],
            "mapped_id_theme_mods": [],
            "keep_submenu_items": true
        }
    },
    "widgets": [
        {
            "id": "search-2",
            "id_base": "search",
            "settings": {
                "title": "Search"
            },
            "sidebar": "sidebar-1",
            "position": 0
        },
        {
            "id": "text-2",
            "id_base": "text",
            "settings": {
                "title": "Text Widget",
                "text": "This is a text widget, which allows you to add text or HTML to your sidebar. You can use them to display text, links, images, HTML, or a combination of these. Edit them in the Widget section of the <a href=\"https:\/\/wordpress.com\/customize\/\">Customizer<\/a>."
            },
            "sidebar": "sidebar-1",
            "position": 1
        }
    ],
    "content": [
        {
            "post_title": "About",
            "post_content": "This is an example of an about page. Unlike posts, pages are better suited for more timeless content that you want to be easily accessible, like your About or Contact information. Click the Edit link to make changes to this page or <a href=\"https:\/\/wordpress.com\/page\">add another page<\/a>.",
            "post_excerpt": "This is just a short excerpt for the about&nbsp;page.",
            "post_status": "publish",
            "menu_order": 2,
            "comment_status": "closed",
            "ping_status": "closed",
            "post_type": "page",
            "hs_custom_meta": "_hs_about_page",
            "hs_sharing": 1,
            "hs_like_status": 1,
            "attachment_url": "https:\/\/headstartdata.files.wordpress.com\/2016\/06\/stairs-lights-abstract-bubbles1.jpg",
            "hs_old_id": 100
        },
        {
            "post_title": "Contact",
            "post_content": "This is a contact page with some basic contact information and a contact form. [contact-form][contact-field label=\"Name\" type=\"name\" required=\"1\"\/][contact-field label=\"Email\" type=\"email\" required=\"1\"\/][contact-field label=\"Website\" type=\"url\"\/][contact-field label=\"Comment\" type=\"textarea\" required=\"1\"\/][\/contact-form]",
            "post_excerpt": "This is just a short excerpt for the contact&nbsp;page.",
            "post_status": "publish",
            "menu_order": 3,
            "comment_status": "closed",
            "ping_status": "closed",
            "post_type": "page",
            "hs_custom_meta": "_hs_contact_page",
            "hs_sharing": 1,
            "hs_like_status": 1,
            "attachment_url": "https:\/\/headstartdata.files.wordpress.com\/2016\/06\/person-smartphone-office-table.jpeg",
            "hs_old_id": 101
        },
        {
            "post_title": "First blog post",
            "post_content": "This is your very first post. Click the Edit link to modify or delete it, or <a href=\"https:\/\/wordpress.com\/post\">start a new post<\/a>. If you like, use this post to tell readers why you started this blog and what you plan to do with it.",
            "post_excerpt": "This is the excerpt for your very first post.",
            "post_status": "publish",
            "comment_status": "open",
            "ping_status": "open",
            "post_type": "post",
            "hs_custom_meta": "_hs_first_post",
            "hs_sharing": 1,
            "hs_like_status": 1,
            "attachment_url": "https:\/\/headstartdata.files.wordpress.com\/2016\/06\/pexels-photo-30732.jpg",
            "hs_old_id": 102
        },
        {
            "post_title": "Home",
            "post_content": "Welcome to your new site!  You can edit this page by clicking on the Edit link.  For more information about customizing your site check out <a href=\"http:\/\/learn.wordpress.com\/\">http:\/\/learn.wordpress.com\/<\/a>",
            "post_excerpt": "This is the home page's excerpt",
            "post_status": "publish",
            "menu_order": 1,
            "comment_status": "closed",
            "ping_status": "closed",
            "post_type": "page",
            "hs_custom_meta": "_hs_front_page",
            "hs_sharing": 1,
            "hs_like_status": 1,
            "attachment_url": "",
            "page_template": "page-templates\/projects.php",
            "hs_old_id": 103
        },
        {
            "post_title": "Blog",
            "post_content": "This is the page where users will find your site's blog",
            "post_excerpt": "This is just a short excerpt about your blog.",
            "post_status": "publish",
            "menu_order": 4,
            "comment_status": "closed",
            "ping_status": "closed",
            "post_type": "page",
            "hs_custom_meta": "_hs_blog_page",
            "hs_sharing": 1,
            "hs_like_status": 1,
            "hs_old_id": 104
        },
        {
            "post_title": "Project #1",
            "post_content": "This is a <a href=\"https:\/\/en.support.wordpress.com\/portfolios\">project<\/a>. Click the Edit link to modify or delete it, or <a href=\"https:\/\/wordpress.com\/types\/jetpack-portfolio\">add a new project<\/a>.",
            "post_excerpt": "This is the excerpt for a project.",
            "post_status": "publish",
            "comment_status": "closed",
            "ping_status": "closed",
            "post_type": "jetpack-portfolio",
            "hs_custom_meta": "_hs_portfolio",
            "hs_sharing": 1,
            "hs_like_status": 1,
            "attachment_url": "https://headstartdata.files.wordpress.com/2016/09/looking-up.jpg",
            "hs_old_id": 200
        },
        {
            "post_title": "Project #2",
            "post_content": "This is a <a href=\"https:\/\/en.support.wordpress.com\/portfolios\">project<\/a>. Click the Edit link to modify or delete it, or <a href=\"https:\/\/wordpress.com\/types\/jetpack-portfolio\">add a new project<\/a>.",
            "post_excerpt": "This is the excerpt for a project.",
            "post_status": "publish",
            "comment_status": "closed",
            "ping_status": "closed",
            "post_type": "jetpack-portfolio",
            "hs_custom_meta": "_hs_portfolio",
            "hs_sharing": 1,
            "hs_like_status": 1,
            "attachment_url": "https://headstartdata.files.wordpress.com/2016/12/blog-3.jpg",
            "hs_old_id": 201
        },
        {
            "post_title": "Project #3",
            "post_content": "This is a <a href=\"https:\/\/en.support.wordpress.com\/portfolios\">project<\/a>. Click the Edit link to modify or delete it, or <a href=\"https:\/\/wordpress.com\/types\/jetpack-portfolio\">add a new project<\/a>.",
            "post_excerpt": "This is the excerpt for a project.",
            "post_status": "publish",
            "comment_status": "closed",
            "ping_status": "closed",
            "post_type": "jetpack-portfolio",
            "hs_custom_meta": "_hs_portfolio",
            "hs_sharing": 1,
            "hs_like_status": 1,
            "attachment_url": "https:\/\/headstartdata.files.wordpress.com\/2016\/10\/light-bulb-current-light-glow-40889-e1472733487728.jpeg",
            "hs_old_id": 202
        },
        {
            "post_title": "A big fan of yours",
            "post_content": "This is a <a href=\"https:\/\/en.support.wordpress.com\/testimonials\/\">testimonial<\/a>. Click the Edit link to modify or delete it, or <a href=\"https:\/\/wordpress.com\/types\/jetpack-testimonial\">add a new testimonial<\/a>.",
            "post_excerpt": "",
            "post_status": "publish",
            "comment_status": "closed",
            "ping_status": "closed",
            "post_type": "jetpack-testimonial",
            "hs_custom_meta": "_hs_testimonial",
            "hs_sharing": 1,
            "hs_like_status": 1,
            "attachment_url": false,
            "hs_old_id": 300
        },
        {
            "post_title": "A big fan of yours",
            "post_content": "This is a second <a href=\"https:\/\/en.support.wordpress.com\/testimonials\/\">testimonial<\/a>. Click the Edit link to modify or delete it, or <a href=\"https:\/\/wordpress.com\/types\/jetpack-testimonial\">add a new testimonial<\/a>.",
            "post_excerpt": "",
            "post_status": "publish",
            "comment_status": "closed",
            "ping_status": "closed",
            "post_type": "jetpack-testimonial",
            "hs_custom_meta": "_hs_testimonial",
            "hs_sharing": 1,
            "hs_like_status": 1,
            "attachment_url": false,
            "hs_old_id": 301
        }
    ],
    "menus": {
        "social-media": {
            "name": "Social Media",
            "items": [
                {
                    "menu-item-title": "Facebook",
                    "menu-item-db-id": 175,
                    "menu-item-object-id": "175",
                    "menu-item-object": "custom",
                    "menu-item-type": "custom",
                    "menu-item-status": "publish",
                    "menu-item-position": 0,
                    "menu-item-parent-id": "0",
                    "menu-item-description": "",
                    "menu-item-url": "http:\/\/www.facebook.com"
                },
                {
                    "menu-item-title": "LinkedIn",
                    "menu-item-db-id": 176,
                    "menu-item-object-id": "176",
                    "menu-item-object": "custom",
                    "menu-item-type": "custom",
                    "menu-item-status": "publish",
                    "menu-item-position": 1,
                    "menu-item-parent-id": "0",
                    "menu-item-description": "",
                    "menu-item-url": "http:\/\/www.linkedin.com"
                },
                {
                    "menu-item-title": "Twitter",
                    "menu-item-db-id": 177,
                    "menu-item-object-id": "177",
                    "menu-item-object": "custom",
                    "menu-item-type": "custom",
                    "menu-item-status": "publish",
                    "menu-item-position": 2,
                    "menu-item-parent-id": "0",
                    "menu-item-description": "",
                    "menu-item-url": "http:\/\/www.twitter.com"
                },
                {
                    "menu-item-title": "Instagram",
                    "menu-item-db-id": 178,
                    "menu-item-object-id": "178",
                    "menu-item-object": "custom",
                    "menu-item-type": "custom",
                    "menu-item-status": "publish",
                    "menu-item-position": 3,
                    "menu-item-parent-id": "0",
                    "menu-item-description": "",
                    "menu-item-url": "http:\/\/www.instagram.com"
                }
            ]
        }
    }
}
