{
    "settings": {
        "options": {
            "show_on_front": "posts",
            "stylesheet": "premium/puzzle",
            "featured-content": false
        },
        "theme_mods": {
            "0": false,
            "header_textcolor": "1a1a1a",
            "background_color": "ffffff",
            "background_image": "",
            "background_repeat": "repeat",
            "background_position_x": "left",
            "background_attachment": "fixed",
            "nav_menu_locations": {
                "top_menu": "primary",
                "social_menu": "social-media"
            },
            "puzzle_archive_layout": 0,
            "puzzle_display_latest_content": 1,
            "jetpack_testimonials": {
                "page-title": "الشهادات",
                "page-content": ""
            },
            "colors_manager": {
                "colors": {
                    "bg": "#fff",
                    "txt": "#2ecc71",
                    "fg2": "#f8fbfd",
                    "link": "#2980b9",
                    "fg1": "#ffffff"
                }
            },
            "custom-colors-parity": {
                "background_image": "",
                "background_color": "ffffff",
                "background_repeat": "repeat",
                "background_position_x": "left",
                "background_attachment": "fixed"
            }
        },
        "headstart": {
            "mapped_id_options": [],
            "mapped_id_theme_mods": [],
            "keep_submenu_items": true
        }
    },
    "widgets": [
        {
            "id": "search-2",
            "id_base": "search",
            "settings": {
                "title": "بحث"
            },
            "sidebar": "sidebar-1",
            "position": 0
        },
        {
            "id": "text-2",
            "id_base": "text",
            "settings": {
                "title": "مربع جانبي للنص",
                "text": "هذا مربع جانبي للنص يسمح لك بإضافة نص أو HTML إلى شريطك الجانبي. يمكنك استخدام هذه المربعات الجانبية لعرض نص أو روابط أو صور أو HTML أو مجموعة متنوعة من هذه. حررها في قسم \"المربع الجانبي\" في <a href=\"https://wordpress.com/customize/\">\"أداة التخصيص\"</a>."
            },
            "sidebar": "sidebar-1",
            "position": 1
        }
    ],
    "content": [
        {
            "post_title": "نبذة عن",
            "post_content": "هذا مثال لصفحة \"نبذة عن\". على عكس المقالات، تتناسب الصفحات بشكل أفضل مع المحتوى المستمر لفترة طويلة الذي تريد تسهيل الوصول إليه، مثل \"نبذة عنك\" أو \"معلومات الاتصال الخاصة بك\" انقر فوق رابط \"تحرير\" لإجراء تغييرات على هذه الصفحة <a href=\"https://wordpress.com/page\">أو أضف صفحة أخرى</a>.",
            "post_excerpt": "هذا مجرد مقتطف موجز عن صفحة&nbsp;نبذة عن.",
            "post_status": "publish",
            "menu_order": 2,
            "comment_status": "closed",
            "ping_status": "closed",
            "post_type": "page",
            "hs_custom_meta": "_hs_about_page",
            "hs_sharing": 1,
            "hs_like_status": 1,
            "hs_old_id": 100
        },
        {
            "post_title": "جهة الاتصال",
            "post_content": "هذه صفحة اتصال تحتوي على بعض معلومات الاتصال الرئيسية ونموذج الاتصال. [contact-form][contact-field label=\"Name\" type=\"name\" required=\"1\"/][contact-field label=\"البريد الإلكتروني\" type=\"email\" required=\"1\"/][contact-field label=\"موقع الويب\" type=\"url\"/][contact-field label=\"التعليق\" type=\"textarea\" required=\"1\"/][/contact-form]",
            "post_excerpt": "هذا مجرد مقتطف موجز عن صفحة&nbsp;الاتصال.",
            "post_status": "publish",
            "menu_order": 3,
            "comment_status": "closed",
            "ping_status": "closed",
            "post_type": "page",
            "hs_custom_meta": "_hs_contact_page",
            "hs_sharing": 1,
            "hs_like_status": 1,
            "attachment_url": "https://headstartdata.files.wordpress.com/2016/06/person-smartphone-office-table.jpeg",
            "hs_old_id": 101
        },
        {
            "post_title": "مقالة أولى على المدونة",
            "post_content": "هذه هي مقالتك الأولى. انقر فوق رابط \"تحرير\" لتعديلها أو حذفها، أو <a href=\"https://wordpress.com/post\">ابدأ مقالة جديدة</a>. استخدم هذه المقالة، إن شئت، لإخبار القراء عن سبب إنشاء هذه المدونة وما الذي تخطط للقيام به من خلالها.",
            "post_excerpt": "هذا هو مقتطف لمقالتك الأولى تمامًا.",
            "post_status": "publish",
            "comment_status": "open",
            "ping_status": "open",
            "post_type": "post",
            "hs_custom_meta": "_hs_first_post",
            "hs_sharing": 1,
            "hs_like_status": 1,
            "attachment_url": "https://headstartdata.files.wordpress.com/2016/11/car-784887_1280.jpg",
            "hs_old_id": 102
        },
        {
            "post_title": "من أكبر المشجعين لك",
            "post_content": "هذه <a href=\"https://en.support.wordpress.com/testimonials/\">شهادة</a>. انقر فوق رابط \"تحرير\" لتعديلها أو حذفها أو <a href=\"https://wordpress.com/types/jetpack-testimonial\">أضف شهادة جديدة</a>.",
            "post_excerpt": "",
            "post_status": "publish",
            "comment_status": "closed",
            "ping_status": "closed",
            "post_type": "jetpack-testimonial",
            "hs_custom_meta": "_hs_testimonial",
            "hs_sharing": 1,
            "hs_like_status": 1,
            "attachment_url": false,
            "hs_old_id": 300
        }
    ],
    "menus": {
        "social-media": {
            "name": "شبكات التواصل الاجتماعي",
            "items": [
                {
                    "menu-item-title": "فيسبوك",
                    "menu-item-db-id": 175,
                    "menu-item-object-id": "175",
                    "menu-item-object": "custom",
                    "menu-item-type": "custom",
                    "menu-item-status": "publish",
                    "menu-item-position": 0,
                    "menu-item-parent-id": "0",
                    "menu-item-description": "",
                    "menu-item-url": "http://www.facebook.com"
                },
                {
                    "menu-item-title": "لينكدإن",
                    "menu-item-db-id": 176,
                    "menu-item-object-id": "176",
                    "menu-item-object": "custom",
                    "menu-item-type": "custom",
                    "menu-item-status": "publish",
                    "menu-item-position": 1,
                    "menu-item-parent-id": "0",
                    "menu-item-description": "",
                    "menu-item-url": "http://www.linkedin.com"
                },
                {
                    "menu-item-title": "تويتر",
                    "menu-item-db-id": 177,
                    "menu-item-object-id": "177",
                    "menu-item-object": "custom",
                    "menu-item-type": "custom",
                    "menu-item-status": "publish",
                    "menu-item-position": 2,
                    "menu-item-parent-id": "0",
                    "menu-item-description": "",
                    "menu-item-url": "http://www.twitter.com"
                },
                {
                    "menu-item-title": "إنستغرام",
                    "menu-item-db-id": 178,
                    "menu-item-object-id": "178",
                    "menu-item-object": "custom",
                    "menu-item-type": "custom",
                    "menu-item-status": "publish",
                    "menu-item-position": 3,
                    "menu-item-parent-id": "0",
                    "menu-item-description": "",
                    "menu-item-url": "http://www.instagram.com"
                }
            ]
        }
    }
}