{
    "settings": {
        "options": {
            "show_on_front": "posts",
            "stylesheet": "premium/puzzle",
            "featured-content": false
        },
        "theme_mods": {
            "0": false,
            "header_textcolor": "1a1a1a",
            "background_color": "ffffff",
            "background_image": "",
            "background_repeat": "repeat",
            "background_position_x": "left",
            "background_attachment": "fixed",
            "nav_menu_locations": {
                "top_menu": "primary",
                "social_menu": "social-media"
            },
            "puzzle_archive_layout": 0,
            "puzzle_display_latest_content": 1,
            "jetpack_testimonials": {
                "page-title": "Témoignages",
                "page-content": ""
            },
            "colors_manager": {
                "colors": {
                    "bg": "#fff",
                    "txt": "#2ecc71",
                    "fg2": "#f8fbfd",
                    "link": "#2980b9",
                    "fg1": "#ffffff"
                }
            },
            "custom-colors-parity": {
                "background_image": "",
                "background_color": "ffffff",
                "background_repeat": "repeat",
                "background_position_x": "left",
                "background_attachment": "fixed"
            }
        },
        "headstart": {
            "mapped_id_options": [],
            "mapped_id_theme_mods": [],
            "keep_submenu_items": true
        }
    },
    "widgets": [
        {
            "id": "search-2",
            "id_base": "search",
            "settings": {
                "title": "Recherche"
            },
            "sidebar": "sidebar-1",
            "position": 0
        },
        {
            "id": "text-2",
            "id_base": "text",
            "settings": {
                "title": "Widget de texte",
                "text": "Il s’agit d’un widget de texte, qui vous permet d’ajouter du texte ou des balises HTML à votre colonne latérale. Vous pouvez l’utiliser pour afficher du texte, des liens, des images, des balises HTML ou une association de ces éléments. Modifiez-les dans la section Widget de l’<a href=\"https://wordpress.com/customize/\">outil de personnalisation</a>."
            },
            "sidebar": "sidebar-1",
            "position": 1
        }
    ],
    "content": [
        {
            "post_title": "À propos",
            "post_content": "Ceci est un exemple de page « À propos ». À la différence des articles, les pages sont plutôt destinées à du contenu dont vous souhaitez qu’il soit toujours facilement accessible, comme votre présentation ou vos coordonnées. Cliquez sur le lien de modification pour modifier cette page ou <a href=\"https://wordpress.com/page\">ajouter une autre page</a>.",
            "post_excerpt": "Ceci est un petit extrait destiné à la &nbsp;page « À propos ».",
            "post_status": "publish",
            "menu_order": 2,
            "comment_status": "closed",
            "ping_status": "closed",
            "post_type": "page",
            "hs_custom_meta": "_hs_about_page",
            "hs_sharing": 1,
            "hs_like_status": 1,
            "hs_old_id": 100
        },
        {
            "post_title": "Contact",
            "post_content": "Ceci est une page de coordonnées comportant quelques informations de base et un formulaire de contact. [contact-form][contact-field label=\"Nom\" type=\"name\" required=\"1\"/][contact-field label=\"E-mail\" type=\"email\" required=\"1\"/][contact-field label=\"Site Web\" type=\"url\"/][contact-field label=\"Commentaire\" type=\"textarea\" required=\"1\"/][/contact-form]",
            "post_excerpt": "Ceci est un petit extrait destiné à la page «&nbsp;Contact ».",
            "post_status": "publish",
            "menu_order": 3,
            "comment_status": "closed",
            "ping_status": "closed",
            "post_type": "page",
            "hs_custom_meta": "_hs_contact_page",
            "hs_sharing": 1,
            "hs_like_status": 1,
            "attachment_url": "https://headstartdata.files.wordpress.com/2016/06/person-smartphone-office-table.jpeg",
            "hs_old_id": 101
        },
        {
            "post_title": "Premier article de blog",
            "post_content": "Il s’agit de votre tout premier article Cliquez sur le lien Modifier pour le modifier ou le supprimer ou <a href=\"https://wordpress.com/post\">commencez un nouvel article</a>. Si vous le souhaitez, utilisez cet article pour indiquer aux lecteurs pourquoi vous avez commencé ce blog et ce que vous envisagez d’en faire.",
            "post_excerpt": "Il s’agit de l’extrait de votre tout premier article.",
            "post_status": "publish",
            "comment_status": "open",
            "ping_status": "open",
            "post_type": "post",
            "hs_custom_meta": "_hs_first_post",
            "hs_sharing": 1,
            "hs_like_status": 1,
            "attachment_url": "https://headstartdata.files.wordpress.com/2016/11/car-784887_1280.jpg",
            "hs_old_id": 102
        },
        {
            "post_title": "Un de vos admirateurs inconditionnels",
            "post_content": "Il s’agit d’un <a href=\"https://en.support.wordpress.com/testimonials/\">témoignage</a>. Cliquez sur le lien Modifier pour le modifier ou le supprimer ou <a href=\"https://wordpress.com/types/jetpack-testimonial\">ajoutez un nouveau témoignage</a>.",
            "post_excerpt": "",
            "post_status": "publish",
            "comment_status": "closed",
            "ping_status": "closed",
            "post_type": "jetpack-testimonial",
            "hs_custom_meta": "_hs_testimonial",
            "hs_sharing": 1,
            "hs_like_status": 1,
            "attachment_url": false,
            "hs_old_id": 300
        }
    ],
    "menus": {
        "social-media": {
            "name": "Réseaux sociaux",
            "items": [
                {
                    "menu-item-title": "Facebook",
                    "menu-item-db-id": 175,
                    "menu-item-object-id": "175",
                    "menu-item-object": "custom",
                    "menu-item-type": "custom",
                    "menu-item-status": "publish",
                    "menu-item-position": 0,
                    "menu-item-parent-id": "0",
                    "menu-item-description": "",
                    "menu-item-url": "http://www.facebook.com"
                },
                {
                    "menu-item-title": "LinkedIn",
                    "menu-item-db-id": 176,
                    "menu-item-object-id": "176",
                    "menu-item-object": "custom",
                    "menu-item-type": "custom",
                    "menu-item-status": "publish",
                    "menu-item-position": 1,
                    "menu-item-parent-id": "0",
                    "menu-item-description": "",
                    "menu-item-url": "http://www.linkedin.com"
                },
                {
                    "menu-item-title": "Twitter",
                    "menu-item-db-id": 177,
                    "menu-item-object-id": "177",
                    "menu-item-object": "custom",
                    "menu-item-type": "custom",
                    "menu-item-status": "publish",
                    "menu-item-position": 2,
                    "menu-item-parent-id": "0",
                    "menu-item-description": "",
                    "menu-item-url": "http://www.twitter.com"
                },
                {
                    "menu-item-title": "Instagram",
                    "menu-item-db-id": 178,
                    "menu-item-object-id": "178",
                    "menu-item-object": "custom",
                    "menu-item-type": "custom",
                    "menu-item-status": "publish",
                    "menu-item-position": 3,
                    "menu-item-parent-id": "0",
                    "menu-item-description": "",
                    "menu-item-url": "http://www.instagram.com"
                }
            ]
        }
    }
}