{
    "settings": {
        "options": {
            "show_on_front": "posts",
            "stylesheet": "premium/puzzle",
            "featured-content": false
        },
        "theme_mods": {
            "0": false,
            "header_textcolor": "1a1a1a",
            "background_color": "ffffff",
            "background_image": "",
            "background_repeat": "repeat",
            "background_position_x": "left",
            "background_attachment": "fixed",
            "nav_menu_locations": {
                "top_menu": "primary",
                "social_menu": "social-media"
            },
            "puzzle_archive_layout": 0,
            "puzzle_display_latest_content": 1,
            "jetpack_testimonials": {
                "page-title": "Testimoni",
                "page-content": ""
            },
            "colors_manager": {
                "colors": {
                    "bg": "#fff",
                    "txt": "#2ecc71",
                    "fg2": "#f8fbfd",
                    "link": "#2980b9",
                    "fg1": "#ffffff"
                }
            },
            "custom-colors-parity": {
                "background_image": "",
                "background_color": "ffffff",
                "background_repeat": "repeat",
                "background_position_x": "left",
                "background_attachment": "fixed"
            }
        },
        "headstart": {
            "mapped_id_options": [],
            "mapped_id_theme_mods": [],
            "keep_submenu_items": true
        }
    },
    "widgets": [
        {
            "id": "search-2",
            "id_base": "search",
            "settings": {
                "title": "Cari"
            },
            "sidebar": "sidebar-1",
            "position": 0
        },
        {
            "id": "text-2",
            "id_base": "text",
            "settings": {
                "title": "Widget Teks",
                "text": "Ini adalah widget teks, yang memungkinkan Anda menambahkan teks atau HTML ke bilah sisi. Anda dapat menggunakannya untuk menampilkan teks, tautan, gambar, HTML, atau perpaduan semua hal itu. Sunting semuanya di bagian Widget dari <a href=\"https://wordpress.com/customize/\">Customizer</a>."
            },
            "sidebar": "sidebar-1",
            "position": 1
        }
    ],
    "content": [
        {
            "post_title": "Tentang",
            "post_content": "Ini adalah contoh halaman tentang. Tidak seperti pos, halaman lebih cocok untuk konten tanpa batas waktu yang Anda inginkan untuk dapat diakses dengan mudah, seperti informasi Tentang atau Kontak. Klik tautan Sunting untuk melakukan perubahan pada halaman ini atau <a href=\"https://wordpress.com/page\">tambahkan halaman lain</a>.",
            "post_excerpt": "Ini hanya kutipan singkat untuk halaman&nbsp;tentang.",
            "post_status": "publish",
            "menu_order": 2,
            "comment_status": "closed",
            "ping_status": "closed",
            "post_type": "page",
            "hs_custom_meta": "_hs_about_page",
            "hs_sharing": 1,
            "hs_like_status": 1,
            "hs_old_id": 100
        },
        {
            "post_title": "Kontak",
            "post_content": "Ini adalah halaman kontak yang berisi informasi kontak dasar dan formulir kontak. [contact-form][contact-field label=\"Nama\" type=\"name\" required=\"1\"/][contact-field label=\"Email\" type=\"email\" required=\"1\"/][contact-field label=\"Situs web\" type=\"url\"/][contact-field label=\"Komentar\" type=\"textarea\" required=\"1\"/][/contact-form]",
            "post_excerpt": "Ini hanya kutipan singkat untuk halaman&nbsp;kontak.",
            "post_status": "publish",
            "menu_order": 3,
            "comment_status": "closed",
            "ping_status": "closed",
            "post_type": "page",
            "hs_custom_meta": "_hs_contact_page",
            "hs_sharing": 1,
            "hs_like_status": 1,
            "attachment_url": "https://headstartdata.files.wordpress.com/2016/06/person-smartphone-office-table.jpeg",
            "hs_old_id": 101
        },
        {
            "post_title": "Pos blog pertama",
            "post_content": "Ini adalah pos pertama Anda. Klik tautan Sunting untuk mengubah atau menghapusnya, atau <a href=\"https://wordpress.com/post\">mulai pos baru</a>. Jika ingin, Anda dapat menggunakan pos ini untuk menjelaskan kepada pembaca mengenai alasan Anda memulai blog ini dan rencana Anda dengan blog ini.",
            "post_excerpt": "Ini adalah kutipan pos pertama Anda.",
            "post_status": "publish",
            "comment_status": "open",
            "ping_status": "open",
            "post_type": "post",
            "hs_custom_meta": "_hs_first_post",
            "hs_sharing": 1,
            "hs_like_status": 1,
            "attachment_url": "https://headstartdata.files.wordpress.com/2016/11/car-784887_1280.jpg",
            "hs_old_id": 102
        },
        {
            "post_title": "Penggemar berat Anda",
            "post_content": "Ini adalah <a href=\"https://en.support.wordpress.com/testimonials/\">testimonial</a>. Klik tautan Sunting untuk mengubah atau menghapusnya, atau <a href=\"https://wordpress.com/types/jetpack-testimonial\">tambah testimonial baru</a>.",
            "post_excerpt": "",
            "post_status": "publish",
            "comment_status": "closed",
            "ping_status": "closed",
            "post_type": "jetpack-testimonial",
            "hs_custom_meta": "_hs_testimonial",
            "hs_sharing": 1,
            "hs_like_status": 1,
            "attachment_url": false,
            "hs_old_id": 300
        }
    ],
    "menus": {
        "social-media": {
            "name": "Media Sosial",
            "items": [
                {
                    "menu-item-title": "Facebook",
                    "menu-item-db-id": 175,
                    "menu-item-object-id": "175",
                    "menu-item-object": "custom",
                    "menu-item-type": "custom",
                    "menu-item-status": "publish",
                    "menu-item-position": 0,
                    "menu-item-parent-id": "0",
                    "menu-item-description": "",
                    "menu-item-url": "http://www.facebook.com"
                },
                {
                    "menu-item-title": "LinkedIn",
                    "menu-item-db-id": 176,
                    "menu-item-object-id": "176",
                    "menu-item-object": "custom",
                    "menu-item-type": "custom",
                    "menu-item-status": "publish",
                    "menu-item-position": 1,
                    "menu-item-parent-id": "0",
                    "menu-item-description": "",
                    "menu-item-url": "http://www.linkedin.com"
                },
                {
                    "menu-item-title": "Twitter",
                    "menu-item-db-id": 177,
                    "menu-item-object-id": "177",
                    "menu-item-object": "custom",
                    "menu-item-type": "custom",
                    "menu-item-status": "publish",
                    "menu-item-position": 2,
                    "menu-item-parent-id": "0",
                    "menu-item-description": "",
                    "menu-item-url": "http://www.twitter.com"
                },
                {
                    "menu-item-title": "Instagram",
                    "menu-item-db-id": 178,
                    "menu-item-object-id": "178",
                    "menu-item-object": "custom",
                    "menu-item-type": "custom",
                    "menu-item-status": "publish",
                    "menu-item-position": 3,
                    "menu-item-parent-id": "0",
                    "menu-item-description": "",
                    "menu-item-url": "http://www.instagram.com"
                }
            ]
        }
    }
}