{
    "settings": {
        "options": {
            "show_on_front": "posts",
            "stylesheet": "premium/puzzle",
            "featured-content": false
        },
        "theme_mods": {
            "0": false,
            "header_textcolor": "1a1a1a",
            "background_color": "ffffff",
            "background_image": "",
            "background_repeat": "repeat",
            "background_position_x": "left",
            "background_attachment": "fixed",
            "nav_menu_locations": {
                "top_menu": "primary",
                "social_menu": "social-media"
            },
            "puzzle_archive_layout": 0,
            "puzzle_display_latest_content": 1,
            "jetpack_testimonials": {
                "page-title": "추천 글",
                "page-content": ""
            },
            "colors_manager": {
                "colors": {
                    "bg": "#fff",
                    "txt": "#2ecc71",
                    "fg2": "#f8fbfd",
                    "link": "#2980b9",
                    "fg1": "#ffffff"
                }
            },
            "custom-colors-parity": {
                "background_image": "",
                "background_color": "ffffff",
                "background_repeat": "repeat",
                "background_position_x": "left",
                "background_attachment": "fixed"
            }
        },
        "headstart": {
            "mapped_id_options": [],
            "mapped_id_theme_mods": [],
            "keep_submenu_items": true
        }
    },
    "widgets": [
        {
            "id": "search-2",
            "id_base": "search",
            "settings": {
                "title": "검색"
            },
            "sidebar": "sidebar-1",
            "position": 0
        },
        {
            "id": "text-2",
            "id_base": "text",
            "settings": {
                "title": "텍스트 위젯",
                "text": "사이드바에 텍스트 또는 HTML을 추가할 수 있는 텍스트 위젯입니다. 텍스트 위젯을 사용하여 텍스트, 링크, 이미지, HTML을 단독으로 또는 조합하여 표시할 수 있습니다. <a href=\"https://wordpress.com/customize/\">사용자 정의 기능</a>의 위젯 섹션에서 이러한 항목을 편집해 보세요."
            },
            "sidebar": "sidebar-1",
            "position": 1
        }
    ],
    "content": [
        {
            "post_title": "정보",
            "post_content": "이 페이지는 정보 페이지의 예입니다. 글과 달리 페이지는 내 정보 또는 연락처 정보처럼 쉽게 액세스하고 자주 수정하지 않는 콘텐츠에 더 적합합니다. 편집 링크를 클릭해 이 페이지를 수정하거나 <a href=\"https://wordpress.com/page\">다른 페이지를 추가</a>하세요.",
            "post_excerpt": "이 내용은 정보&nbsp;페이지의 간략한 요약문입니다.",
            "post_status": "publish",
            "menu_order": 2,
            "comment_status": "closed",
            "ping_status": "closed",
            "post_type": "page",
            "hs_custom_meta": "_hs_about_page",
            "hs_sharing": 1,
            "hs_like_status": 1,
            "hs_old_id": 100
        },
        {
            "post_title": "문의",
            "post_content": "이 페이지는 몇 가지 기본 연락처 정보와 문의 양식이 포함되어 있는 연락처 페이지입니다. [contact-form][contact-field label=\"이름\" type=\"name\" required=\"1\"/][contact-field label=\"이메일\" type=\"email\" required=\"1\"/][contact-field label=\"웹사이트\" type=\"url\"/][contact-field label=\"댓글\" type=\"textarea\" required=\"1\"/][/contact-form]",
            "post_excerpt": "이 내용은 연락처&nbsp;페이지의 간략한 요약문입니다.",
            "post_status": "publish",
            "menu_order": 3,
            "comment_status": "closed",
            "ping_status": "closed",
            "post_type": "page",
            "hs_custom_meta": "_hs_contact_page",
            "hs_sharing": 1,
            "hs_like_status": 1,
            "attachment_url": "https://headstartdata.files.wordpress.com/2016/06/person-smartphone-office-table.jpeg",
            "hs_old_id": 101
        },
        {
            "post_title": "첫 번째 블로그 글",
            "post_content": "회원님의 첫 번째 글입니다. 편집 링크를 클릭하여 편집 또는 삭제하거나 <a href=\"https://wordpress.com/post\">새 글을 작성하세요</a>. 원하는 경우 이 글을 사용하여 독자들에게 이 블로그를 시작한 이유와 어떻게 활용할 것인지를 알리세요.",
            "post_excerpt": "회원님의 첫 번째 글을 요약한 것입니다.",
            "post_status": "publish",
            "comment_status": "open",
            "ping_status": "open",
            "post_type": "post",
            "hs_custom_meta": "_hs_first_post",
            "hs_sharing": 1,
            "hs_like_status": 1,
            "attachment_url": "https://headstartdata.files.wordpress.com/2016/11/car-784887_1280.jpg",
            "hs_old_id": 102
        },
        {
            "post_title": "블로그의 열혈 팬",
            "post_content": "<a href=\"https://en.support.wordpress.com/testimonials/\">추천 글</a>입니다. 편집 링크를 클릭하여 추천 글을 수정 또는 삭제하거나 <a href=\"https://wordpress.com/types/jetpack-testimonial\">새로 추가하세요</a>.",
            "post_excerpt": "",
            "post_status": "publish",
            "comment_status": "closed",
            "ping_status": "closed",
            "post_type": "jetpack-testimonial",
            "hs_custom_meta": "_hs_testimonial",
            "hs_sharing": 1,
            "hs_like_status": 1,
            "attachment_url": false,
            "hs_old_id": 300
        }
    ],
    "menus": {
        "social-media": {
            "name": "소셜 미디어",
            "items": [
                {
                    "menu-item-title": "페이스북",
                    "menu-item-db-id": 175,
                    "menu-item-object-id": "175",
                    "menu-item-object": "custom",
                    "menu-item-type": "custom",
                    "menu-item-status": "publish",
                    "menu-item-position": 0,
                    "menu-item-parent-id": "0",
                    "menu-item-description": "",
                    "menu-item-url": "http://www.facebook.com"
                },
                {
                    "menu-item-title": "링크드인",
                    "menu-item-db-id": 176,
                    "menu-item-object-id": "176",
                    "menu-item-object": "custom",
                    "menu-item-type": "custom",
                    "menu-item-status": "publish",
                    "menu-item-position": 1,
                    "menu-item-parent-id": "0",
                    "menu-item-description": "",
                    "menu-item-url": "http://www.linkedin.com"
                },
                {
                    "menu-item-title": "트위터",
                    "menu-item-db-id": 177,
                    "menu-item-object-id": "177",
                    "menu-item-object": "custom",
                    "menu-item-type": "custom",
                    "menu-item-status": "publish",
                    "menu-item-position": 2,
                    "menu-item-parent-id": "0",
                    "menu-item-description": "",
                    "menu-item-url": "http://www.twitter.com"
                },
                {
                    "menu-item-title": "인스타그램",
                    "menu-item-db-id": 178,
                    "menu-item-object-id": "178",
                    "menu-item-object": "custom",
                    "menu-item-type": "custom",
                    "menu-item-status": "publish",
                    "menu-item-position": 3,
                    "menu-item-parent-id": "0",
                    "menu-item-description": "",
                    "menu-item-url": "http://www.instagram.com"
                }
            ]
        }
    }
}