{
    "settings": {
        "options": {
            "show_on_front": "posts",
            "stylesheet": "premium/puzzle",
            "featured-content": false
        },
        "theme_mods": {
            "0": false,
            "header_textcolor": "1a1a1a",
            "background_color": "ffffff",
            "background_image": "",
            "background_repeat": "repeat",
            "background_position_x": "left",
            "background_attachment": "fixed",
            "nav_menu_locations": {
                "top_menu": "primary",
                "social_menu": "social-media"
            },
            "puzzle_archive_layout": 0,
            "puzzle_display_latest_content": 1,
            "jetpack_testimonials": {
                "page-title": "Testimonials",
                "page-content": ""
            },
            "colors_manager": {
                "colors": {
                    "bg": "#fff",
                    "txt": "#2ecc71",
                    "fg2": "#f8fbfd",
                    "link": "#2980b9",
                    "fg1": "#ffffff"
                }
            },
            "custom-colors-parity": {
                "background_image": "",
                "background_color": "ffffff",
                "background_repeat": "repeat",
                "background_position_x": "left",
                "background_attachment": "fixed"
            }
        },
        "headstart": {
            "mapped_id_options": [],
            "mapped_id_theme_mods": [],
            "keep_submenu_items": true
        }
    },
    "widgets": [
        {
            "id": "search-2",
            "id_base": "search",
            "settings": {
                "title": "Zoeken"
            },
            "sidebar": "sidebar-1",
            "position": 0
        },
        {
            "id": "text-2",
            "id_base": "text",
            "settings": {
                "title": "Tekstwidget",
                "text": "Dit is een tekstwidget. Hiermee kun je tekst of HTML toevoegen aan je sidebar. Je kunt ze gebruiken om tekst, links, afbeeldingen, HTML of een combinatie van deze weer te laten geven. Bewerk ze in de sectie Widget van het <a href=\"https://wordpress.com/customize/\">Aanpassingsmenu</a>."
            },
            "sidebar": "sidebar-1",
            "position": 1
        }
    ],
    "content": [
        {
            "post_title": "Over",
            "post_content": "Dit is een voorbeeld van de pagina Over. In tegenstelling tot berichten zijn pagina's beter geschikt voor meer tijdloze inhoud die je eenvoudig toegankelijk wilt maken, zoals de gegevens bij Over of bij Contact. Klik op de link Bewerken om wijzigingen door te voeren in deze pagina of <a href=\"https://wordpress.com/page\">voeg een nieuwe pagina toe</a>.",
            "post_excerpt": "Dit is slechts een samenvatting van de pagina&nbsp;Over.",
            "post_status": "publish",
            "menu_order": 2,
            "comment_status": "closed",
            "ping_status": "closed",
            "post_type": "page",
            "hs_custom_meta": "_hs_about_page",
            "hs_sharing": 1,
            "hs_like_status": 1,
            "hs_old_id": 100
        },
        {
            "post_title": "Contact",
            "post_content": "Dit is een contactpagina met enkele contactgegevens en een contactformulier. [contact-form][contact-field label=\"Naam\" type=\"name\" required=\"1\"/][contact-field label=\"E-mail\" type=\"email\" required=\"1\"/][contact-field label=\"Website\" type=\"url\"/][contact-field label=\"Reactie\" type=\"textarea\" required=\"1\"/][/contact-form]",
            "post_excerpt": "Dit is slechts een samenvatting van de pagina&nbsp;Contact.",
            "post_status": "publish",
            "menu_order": 3,
            "comment_status": "closed",
            "ping_status": "closed",
            "post_type": "page",
            "hs_custom_meta": "_hs_contact_page",
            "hs_sharing": 1,
            "hs_like_status": 1,
            "attachment_url": "https://headstartdata.files.wordpress.com/2016/06/person-smartphone-office-table.jpeg",
            "hs_old_id": 101
        },
        {
            "post_title": "Eerste blogbericht",
            "post_content": "Dit is je allereerste bericht. Klik op Bewerken om het aan te passen of te verwijderen, of <a href=\"https://wordpress.com/post\">maak een nieuw bericht aan</a>. Als je wilt, kun je dit bericht gebruiken om lezers te vertellen waarom je deze blog bent begonnen en wat je ermee wilt doen.",
            "post_excerpt": "Dit is de samenvatting van je allereerste bericht.",
            "post_status": "publish",
            "comment_status": "open",
            "ping_status": "open",
            "post_type": "post",
            "hs_custom_meta": "_hs_first_post",
            "hs_sharing": 1,
            "hs_like_status": 1,
            "attachment_url": "https://headstartdata.files.wordpress.com/2016/11/car-784887_1280.jpg",
            "hs_old_id": 102
        },
        {
            "post_title": "Fan van jou",
            "post_content": "Dit is een <a href=\"https://en.support.wordpress.com/testimonials/\">testimonial</a>. Klik op Bewerken om deze aan te passen of te verwijderen, of <a href=\"https://wordpress.com/types/jetpack-testimonial\">voeg een nieuwe testimonial toe</a>.",
            "post_excerpt": "",
            "post_status": "publish",
            "comment_status": "closed",
            "ping_status": "closed",
            "post_type": "jetpack-testimonial",
            "hs_custom_meta": "_hs_testimonial",
            "hs_sharing": 1,
            "hs_like_status": 1,
            "attachment_url": false,
            "hs_old_id": 300
        }
    ],
    "menus": {
        "social-media": {
            "name": "Social media",
            "items": [
                {
                    "menu-item-title": "Facebook",
                    "menu-item-db-id": 175,
                    "menu-item-object-id": "175",
                    "menu-item-object": "custom",
                    "menu-item-type": "custom",
                    "menu-item-status": "publish",
                    "menu-item-position": 0,
                    "menu-item-parent-id": "0",
                    "menu-item-description": "",
                    "menu-item-url": "http://www.facebook.com"
                },
                {
                    "menu-item-title": "LinkedIn",
                    "menu-item-db-id": 176,
                    "menu-item-object-id": "176",
                    "menu-item-object": "custom",
                    "menu-item-type": "custom",
                    "menu-item-status": "publish",
                    "menu-item-position": 1,
                    "menu-item-parent-id": "0",
                    "menu-item-description": "",
                    "menu-item-url": "http://www.linkedin.com"
                },
                {
                    "menu-item-title": "Twitter",
                    "menu-item-db-id": 177,
                    "menu-item-object-id": "177",
                    "menu-item-object": "custom",
                    "menu-item-type": "custom",
                    "menu-item-status": "publish",
                    "menu-item-position": 2,
                    "menu-item-parent-id": "0",
                    "menu-item-description": "",
                    "menu-item-url": "http://www.twitter.com"
                },
                {
                    "menu-item-title": "Instagram",
                    "menu-item-db-id": 178,
                    "menu-item-object-id": "178",
                    "menu-item-object": "custom",
                    "menu-item-type": "custom",
                    "menu-item-status": "publish",
                    "menu-item-position": 3,
                    "menu-item-parent-id": "0",
                    "menu-item-description": "",
                    "menu-item-url": "http://www.instagram.com"
                }
            ]
        }
    }
}