{
    "settings": {
        "options": {
            "show_on_front": "posts",
            "stylesheet": "premium/puzzle",
            "featured-content": false
        },
        "theme_mods": {
            "0": false,
            "header_textcolor": "1a1a1a",
            "background_color": "ffffff",
            "background_image": "",
            "background_repeat": "repeat",
            "background_position_x": "left",
            "background_attachment": "fixed",
            "nav_menu_locations": {
                "top_menu": "primary",
                "social_menu": "social-media"
            },
            "puzzle_archive_layout": 0,
            "puzzle_display_latest_content": 1,
            "jetpack_testimonials": {
                "page-title": "Görüşler",
                "page-content": ""
            },
            "colors_manager": {
                "colors": {
                    "bg": "#fff",
                    "txt": "#2ecc71",
                    "fg2": "#f8fbfd",
                    "link": "#2980b9",
                    "fg1": "#ffffff"
                }
            },
            "custom-colors-parity": {
                "background_image": "",
                "background_color": "ffffff",
                "background_repeat": "repeat",
                "background_position_x": "left",
                "background_attachment": "fixed"
            }
        },
        "headstart": {
            "mapped_id_options": [],
            "mapped_id_theme_mods": [],
            "keep_submenu_items": true
        }
    },
    "widgets": [
        {
            "id": "search-2",
            "id_base": "search",
            "settings": {
                "title": "Ara"
            },
            "sidebar": "sidebar-1",
            "position": 0
        },
        {
            "id": "text-2",
            "id_base": "text",
            "settings": {
                "title": "Metin Pencere Öğesi",
                "text": "Bu, kenar çubuğunuza metin veya HTML eklemenizi sağlayan bir metin pencere öğesidir. Bunları metin, bağlantı, görüntü, HTML veya bunların bir birleşimini görüntülemek için kullanabilirsiniz. Bunları <a href=\"https://wordpress.com/customize/\">Özelleştirici</a>'nin Pencere Öğesi bölümünde düzenleyin."
            },
            "sidebar": "sidebar-1",
            "position": 1
        }
    ],
    "content": [
        {
            "post_title": "Hakkında",
            "post_content": "Bu bir hakkında sayfası örneğidir. Gönderilerin aksine sayfalar, Hakkında ya da İletişim gibi kolayca ulaşılabilir, zamandan bağımsız içerikleriniz için daha uygundur. Bu sayfada değişiklik yapmak için Düzenle'ye tıklayın veya <a href=\"https://wordpress.com/page\">başka bir sayfa ekleyin</a>.",
            "post_excerpt": "Bu yalnızca hakkında&nbsp;sayfası için kısa bir alıntıdır.",
            "post_status": "publish",
            "menu_order": 2,
            "comment_status": "closed",
            "ping_status": "closed",
            "post_type": "page",
            "hs_custom_meta": "_hs_about_page",
            "hs_sharing": 1,
            "hs_like_status": 1,
            "hs_old_id": 100
        },
        {
            "post_title": "İletişim",
            "post_content": "Bu, bazı temel bilgilerin ve bir iletişim formunun yer aldığı bir iletişim sayfasıdır. [contact-form][contact-field label=\"Ad\" type=\"name\" required=\"1\"/][contact-field label=\"E-posta\" type=\"email\" required=\"1\"/][contact-field label=\"Web sitesi\" type=\"url\"/][contact-field label=\"Yorum\" type=\"textarea\" required=\"1\"/][/contact-form]",
            "post_excerpt": "Bu yalnızca iletişim&nbsp;sayfası için kısa bir alıntıdır.",
            "post_status": "publish",
            "menu_order": 3,
            "comment_status": "closed",
            "ping_status": "closed",
            "post_type": "page",
            "hs_custom_meta": "_hs_contact_page",
            "hs_sharing": 1,
            "hs_like_status": 1,
            "attachment_url": "https://headstartdata.files.wordpress.com/2016/06/person-smartphone-office-table.jpeg",
            "hs_old_id": 101
        },
        {
            "post_title": "İlk blog gönderisi",
            "post_content": "Bu ilk gönderiniz. Değiştirmek veya silmek için Düzenle'ye tıklayın veya <a href=\"https://wordpress.com/post\">yeni bir gönderi başlatın</a>. İsterseniz, okuyuculara bu bloga neden başladığınızı ve ne yapmayı planladığınızı söylemek için bu gönderiyi kullanın.",
            "post_excerpt": "Bu ilk gönderinizin kısa bir alıntısıdır.",
            "post_status": "publish",
            "comment_status": "open",
            "ping_status": "open",
            "post_type": "post",
            "hs_custom_meta": "_hs_first_post",
            "hs_sharing": 1,
            "hs_like_status": 1,
            "attachment_url": "https://headstartdata.files.wordpress.com/2016/11/car-784887_1280.jpg",
            "hs_old_id": 102
        },
        {
            "post_title": "Büyük bir hayranınız",
            "post_content": "Bu bir <a href=\"https://en.support.wordpress.com/testimonials/\">görüştür</a>. Değiştirmek veya silmek için Düzenle'ye tıklayın veya <a href=\"https://wordpress.com/types/jetpack-testimonial\">yeni bir görüş ekleyin</a>.",
            "post_excerpt": "",
            "post_status": "publish",
            "comment_status": "closed",
            "ping_status": "closed",
            "post_type": "jetpack-testimonial",
            "hs_custom_meta": "_hs_testimonial",
            "hs_sharing": 1,
            "hs_like_status": 1,
            "attachment_url": false,
            "hs_old_id": 300
        }
    ],
    "menus": {
        "social-media": {
            "name": "Sosyal Medya",
            "items": [
                {
                    "menu-item-title": "Facebook",
                    "menu-item-db-id": 175,
                    "menu-item-object-id": "175",
                    "menu-item-object": "custom",
                    "menu-item-type": "custom",
                    "menu-item-status": "publish",
                    "menu-item-position": 0,
                    "menu-item-parent-id": "0",
                    "menu-item-description": "",
                    "menu-item-url": "http://www.facebook.com"
                },
                {
                    "menu-item-title": "LinkedIn",
                    "menu-item-db-id": 176,
                    "menu-item-object-id": "176",
                    "menu-item-object": "custom",
                    "menu-item-type": "custom",
                    "menu-item-status": "publish",
                    "menu-item-position": 1,
                    "menu-item-parent-id": "0",
                    "menu-item-description": "",
                    "menu-item-url": "http://www.linkedin.com"
                },
                {
                    "menu-item-title": "Twitter",
                    "menu-item-db-id": 177,
                    "menu-item-object-id": "177",
                    "menu-item-object": "custom",
                    "menu-item-type": "custom",
                    "menu-item-status": "publish",
                    "menu-item-position": 2,
                    "menu-item-parent-id": "0",
                    "menu-item-description": "",
                    "menu-item-url": "http://www.twitter.com"
                },
                {
                    "menu-item-title": "Instagram",
                    "menu-item-db-id": 178,
                    "menu-item-object-id": "178",
                    "menu-item-object": "custom",
                    "menu-item-type": "custom",
                    "menu-item-status": "publish",
                    "menu-item-position": 3,
                    "menu-item-parent-id": "0",
                    "menu-item-description": "",
                    "menu-item-url": "http://www.instagram.com"
                }
            ]
        }
    }
}